广告名称,货币,"已花费金额 (USD)",单次点击费用（全部）,购物次数,单次购物费用,ROAS,报告开始日期,报告结束日期
,USD,4501,2.19240136,62,72.59677419,0.19991557,2026-05-23,2026-05-23
20260519_JustFit_EN_720x1280_FX-Plot_ZT-workout_LVL1_typeface_RS-P2X3R1C2_DHR_FL_11A,USD,113.96,1.86819672,6,18.99333333,0.64303264,2026-05-23,2026-05-23
20260520_JustFit_EN_720x1280_FX-Ai_ZT-Plot_LVL1_typeface_RS-P2X3R1C2_DHR_04A,USD,121.68,2.89714286,5,24.336,0.46293557,2026-05-23,2026-05-23
20260518_JustFit_EN_720x1280_FX-Plot_ZT-workout_LVL1_typeface_RS-P2X3R1C2_DHR_FL_07A,USD,13.37,1.337,4,3.3425,4.42183994,2026-05-23,2026-05-23
"20260511_JustFit_EN_720x1280_FX-Plot_ZT-workout_LVL1_typeface_RS-P2X3R1C2_DHR_FL_11A - Copy",USD,66.95,1.1745614,4,16.7375,0.60731889,2026-05-23,2026-05-23
20260521_JustFit_EN_720x1280_FX-Ai_ZT-Plot_LVL1_typeface_RS-P2X3R1C2_095KB_DHR_15A,USD,100.41,2.13638298,4,25.1025,0.43979683,2026-05-23,2026-05-23
20260522_JustFit_EN_720x1280_FX-Plot_ZT-workout_LVL1_typeface_RS-P2X3R1C2_DHR_FL_05A,USD,38.38,1.06611111,3,12.79333333,1.02058364,2026-05-23,2026-05-23
20260519_JustFit_EN_720x1280_FX-Plot_ZT-workout_LVL1_typeface_RS-P2X3R1C2_DHR_FL_12A,USD,57.15,1.7859375,3,19.05,1.255993,2026-05-23,2026-05-23
20260515_JustFit_EN_9x16_FX-Slim_ZT-workout_LVL1-typeface_RS-P2X1R1C1_095KB-FL-CN-DHR_RMG-4083X,USD,60.78,1.68833333,3,20.26,0.86278381,2026-05-23,2026-05-23
20260511_JustFit_EN_720x1280_FX-Plot_ZT-workout_LVL1_typeface_RS-P2X3R1C2_DHR_FL_11A,USD,120.04,1.18851485,2,60.02,0.20276574,2026-05-23,2026-05-23
"20260518_JustFit_EN_720x1280_FX-Ai_ZT-coach_LVL1_typeface_RS-P2X3R1C2_DHR_04A - Copy",USD,18.84,1.884,2,9.42,1.70700637,2026-05-23,2026-05-23
20260522_JustFit_EN_720x1280_FX-Plot_ZT-workout_LVL1_typeface_RS-P2X3R1C2_DHR_FL_04A,USD,9.75,1.625,2,4.875,3.00923077,2026-05-23,2026-05-23
20260514_JustFit_EN_9x16_FX-Slim_ZT-workout_LVL1-typeface_RS-P2X1R1C1_095KB-CN_RMG-4085T,USD,12.62,4.20666667,2,6.31,1.02377179,2026-05-23,2026-05-23
"20260520_JustFit_EN_720x1280_FX-Plot_ZT-workout_LVL1_typeface_RS-P2X1R1C2_dhr_WZC_08A - Copy 2",USD,30.1,2.73636364,2,15.05,1.88936877,2026-05-23,2026-05-23
20260521_JustFit_EN_720x1280_FX-Plot_ZT-workout_LVL1_typeface_RS-P2X1R1C2_WZC_16A,USD,19.44,1.38857143,2,9.72,2.0781893,2026-05-23,2026-05-23
20260521_JustFit_EN_720x1280_FX-Plot_ZT-workout_LVL1_typeface_RS-P2X1R1C2_WZC_14A,USD,27.28,1.18608696,2,13.64,0.80351906,2026-05-23,2026-05-23
20260518_JustFit_EN_720x1280_FX-Plot_ZT-workout_LVL1_typeface_RS-P2X3R1C2_DHR_FL_08A,USD,106.88,2.672,1,106.88,0.12733907,2026-05-23,2026-05-23
20260511_JustFit_EN_720x1280_FX-Plot_ZT-workout_LVL1_typeface_RS-P2X1R1C2_dhr_fl_WZC_01A,USD,12.84,2.14,1,12.84,1.18302181,2026-05-23,2026-05-23
"20260511_JustFit_EN_720x1280_FX-Plot_ZT-workout_LVL1_typeface_RS-P2X3R1C2_DHR_FL_11A - Copy",USD,12.03,0.70764706,1,12.03,1.68994181,2026-05-23,2026-05-23
20260521_JustFit_EN_720x1280_FX-Plot_ZT-workout_LVL1_typeface_RS-P2X1R1C2_WZC_15A,USD,18.13,3.626,1,18.13,0.40761169,2026-05-23,2026-05-23
20260520_JustFit_EN_720x1280_FX-Ai_ZT-Plot_LVL1_typeface_RS-P2X3R1C2_DHR_07A,USD,28.41,7.1025,1,28.41,1.31467793,2026-05-23,2026-05-23
20260520_JustFit_EN_720x1280_FX-Ai_ZT-Plot_LVL1_typeface_RS-P2X3R1C2_DHR_02A,USD,22.61,2.261,1,22.61,0.67182663,2026-05-23,2026-05-23
"20260520_JustFit_EN_720x1280_FX-Ai_ZT-Plot_LVL1_typeface_RS-P2X3R1C2_DHR_02A - Copy",USD,9.36,4.68,1,9.36,0.74679487,2026-05-23,2026-05-23
20260123_Justfit_EN_720x1280_FX-Slim_ZT-bedworkout_LVL1_typeface_RS-P2X1R1C3_FL_WZC_05A,USD,29.84,2.48666667,1,29.84,0.23223861,2026-05-23,2026-05-23
20260522_JustFit_EN_720x1280_FX-Plot_ZT-workout_LVL1_typeface_RS-P2X1R1C2_dhr_WZC_10A,USD,23,7.66666667,1,23,0.33869565,2026-05-23,2026-05-23
20251203_JustFit_EN_9x16_FX-Slim_ZT-AImusic3-kaitey_LVL1-typeface_RS-P2X1R1C1_095KB-YD,USD,3.05,3.05,1,3.05,1.68852459,2026-05-23,2026-05-23
20260211_JustFit_EN_720x1280_FX-Plot_ZT-workout_LVL1_typeface_RS-P2X1R1C2_FL_DHR_19A,USD,10.35,2.5875,1,10.35,0.89661836,2026-05-23,2026-05-23
20260515_JustFit_EN_9x16_FX-Slim_ZT-workout_LVL1-typeface_RS-P2X1R1C1_095KB-FL-CN-DHR_RMG-4083R,USD,18.17,1.39769231,1,18.17,1.11887727,2026-05-23,2026-05-23
20260518_JustFit_EN_720x1280_FX-Plot_ZT-workout_LVL1_typeface_RS-P2X1R1C2_fl_dhr_WZC_14A,USD,20.94,1.30875,1,20.94,0.97086915,2026-05-23,2026-05-23
20260518_JustFit_EN_720x1280_FX-Plot_ZT-workout_LVL1_typeface_RS-P2X1R1C2_fl_WZC_13A,USD,17.61,0.76565217,1,17.61,0.39239069,2026-05-23,2026-05-23
20260518_JustFit_EN_720x1280_FX-Plot_ZT-workout_LVL1_typeface_RS-P2X1R1C2_fl_WZC_05A,USD,3.28,1.64,1,3.28,4.63109756,2026-05-23,2026-05-23
20260515_JustFit_EN_9x16_FX-Slim_ZT-workout_LVL1-typeface_RS-P2X1R1C1_095KB-FL-CN-DHR_RMG-4083T,USD,6.8,1.13333333,1,6.8,5.43970588,2026-05-23,2026-05-23
20260512_JustFit_EN_720x1280_FX-Ai_ZT-coach_LVL1_typeface_RS-P2X3R1C2_DHR_08A,USD,0.1,0,,,0,2026-05-23,2026-05-23
20260511_JustFit_EN_9x16_FX-Slim_ZT-follow_LVL1_typeface_LVL2_web2sale_RS-P2X2R3C2_ZX_pingme_088A,USD,2.36,1.18,,,0,2026-05-23,2026-05-23
20260511_JustFit_EN_9x16_FX-Slim_ZT-follow_LVL1_typeface_LVL2_web2sale_RS-P2X2R3C2_ZX_pingme_093A,USD,15.44,1.544,,,0,2026-05-23,2026-05-23
20260511_JustFit_EN_9x16_FX-Slim_ZT-follow_LVL1_typeface_LVL2_web2sale_RS-P2X2R3C2_ZX_pingme_087A,USD,4.81,0.962,,,0,2026-05-23,2026-05-23
20260511_JustFit_EN_9x16_FX-Slim_ZT-follow_LVL1_typeface_LVL2_web2sale_RS-P2X2R3C2_ZX_pingme_094A,USD,15.4,3.85,,,0,2026-05-23,2026-05-23
20260511_JustFit_EN_9x16_FX-Slim_ZT-follow_LVL1_typeface_LVL2_web2sale_RS-P2X2R3C2_ZX_pingme_089A,USD,5.72,1.43,,,0,2026-05-23,2026-05-23
20260515_JustFit_EN_720x1280_FX-Plot_ZT-dailyyoga_LVL1_typeface_RS-P2X1R1C5_WZC_03A,USD,0.73,0,,,0,2026-05-23,2026-05-23
20260518_JustFit_EN_720x1280_FX-Ai_ZT-coach_LVL1_typeface_RS-P2X3R1C2_DHR_05A,USD,9.82,9.82,,,0,2026-05-23,2026-05-23
20260518_JustFit_EN_720x1280_FX-Ai_ZT-coach_LVL1_typeface_RS-P2X3R1C2_DHR_01A,USD,0.1,0,,,0,2026-05-23,2026-05-23
20260518_JustFit_EN_720x1280_FX-Plot_ZT-workout_LVL1_typeface_RS-P2X3R1C2_DHR_FL_06A,USD,13.55,1.355,,,0,2026-05-23,2026-05-23
20260518_JustFit_EN_720x1280_FX-Ai_ZT-coach_LVL1_typeface_RS-P2X3R1C2_DHR_03A,USD,3.13,0,,,0,2026-05-23,2026-05-23
20260518_JustFit_EN_720x1280_FX-Ai_ZT-coach_LVL1_typeface_RS-P2X3R1C2_DHR_02A,USD,3.09,0,,,0,2026-05-23,2026-05-23
20260518_JustFit_EN_720x1280_FX-Plot_ZT-workout_LVL1_typeface_RS-P2X3R1C2_DHR_14A,USD,15.67,5.22333333,,,0,2026-05-23,2026-05-23
20260518_JustFit_EN_720x1280_FX-Ai_ZT-coach_LVL1_typeface_RS-P2X3R1C2_DHR_04A,USD,34.92,2.49428571,,,0,2026-05-23,2026-05-23
"20260511_JustFit_EN_720x1280_FX-Plot_ZT-workout_LVL1_typeface_RS-P2X3R1C2_DHR_FL_13A - Copy",USD,1.95,0.975,,,0,2026-05-23,2026-05-23
"20260512_JustFit_EN_720x1280_FX-Ai_ZT-coach_LVL1_typeface_RS-P2X3R1C2_DHR_08A - Copy",USD,20.3,0.8826087,,,0,2026-05-23,2026-05-23
"20260518_JustFit_EN_720x1280_FX-Plot_ZT-workout_LVL1_typeface_RS-P2X3R1C2_DHR_FL_08A - Copy",USD,21,1.75,,,0,2026-05-23,2026-05-23
"20260511_JustFit_EN_720x1280_FX-Plot_ZT-workout_LVL1_typeface_RS-P2X3R1C2_DHR_FL_13A - Copy 2",USD,4.58,4.58,,,0,2026-05-23,2026-05-23
"20260511_JustFit_EN_720x1280_FX-Plot_ZT-workout_LVL1_typeface_RS-P2X3R1C2_DHR_FL_11A - Copy 2",USD,22.03,0.84730769,,,0,2026-05-23,2026-05-23
"20260512_JustFit_EN_720x1280_FX-Ai_ZT-coach_LVL1_typeface_RS-P2X3R1C2_DHR_08A - Copy 2",USD,4.44,1.11,,,0,2026-05-23,2026-05-23
20260522_JustFit_EN_720x1280_FX-Plot_ZT-workout_LVL1_typeface_RS-P2X3R1C2_DHR_FL_03A,USD,1.76,0.58666667,,,0,2026-05-23,2026-05-23
20260522_JustFit_EN_720x1280_FX-Plot_ZT-workout_LVL1_typeface_RS-P2X1R1C2_dhr_WZC_10A,USD,9.29,3.09666667,,,0,2026-05-23,2026-05-23
20260522_JustFit_EN_720x1280_FX-Plot_ZT-workout_LVL1_typeface_RS-P2X1R1C2_WZC_02A,USD,17.49,1.749,,,0,2026-05-23,2026-05-23
20260522_JustFit_EN_720x1280_FX-Plot_ZT-workout_LVL1_typeface_RS-P2X1R1C2_WZC_01A,USD,4.32,4.32,,,0,2026-05-23,2026-05-23
20260522_JustFit_EN_720x1280_FX-Plot_ZT-workout_LVL1_typeface_RS-P2X1R1C2_WZC_03A,USD,21.35,1.94090909,,,0,2026-05-23,2026-05-23
20260522_JustFit_EN_720x1280_FX-Plot_ZT-workout_LVL1_typeface_RS-P2X1R1C2_dhr_WZC_12A,USD,1.72,0,,,0,2026-05-23,2026-05-23
20260522_JustFit_EN_720x1280_FX-Plot_ZT-workout_LVL1_typeface_RS-P2X1R1C2_WZC_06A,USD,8.07,1.15285714,,,0,2026-05-23,2026-05-23
20260522_JustFit_EN_720x1280_FX-Plot_ZT-workout_LVL1_typeface_RS-P2X1R1C2_dhr_WZC_09A,USD,23.19,1.28833333,,,0,2026-05-23,2026-05-23
20260522_JustFit_EN_720x1280_FX-Plot_ZT-workout_LVL1_typeface_RS-P2X1R1C2_WZC_05A,USD,5.34,1.335,,,0,2026-05-23,2026-05-23
20260522_JustFit_EN_720x1280_FX-Plot_ZT-workout_LVL1_typeface_RS-P2X1R1C2_dhr_WZC_11A,USD,2.42,0,,,0,2026-05-23,2026-05-23
20260522_JustFit_EN_720x1280_FX-Plot_ZT-workout_LVL1_typeface_RS-P2X1R1C2_dhr_WZC_08A,USD,10.72,10.72,,,0,2026-05-23,2026-05-23
20260522_JustFit_EN_720x1280_FX-Plot_ZT-workout_LVL1_typeface_RS-P2X1R1C2_dhr_WZC_07A,USD,9.77,3.25666667,,,0,2026-05-23,2026-05-23
20260522_JustFit_EN_720x1280_FX-Plot_ZT-workout_LVL1_typeface_RS-P2X1R1C2_WZC_04A,USD,10.52,10.52,,,0,2026-05-23,2026-05-23
"20260518_JustFit_EN_720x1280_FX-Ai_ZT-coach_LVL1_typeface_RS-P2X3R1C2_DHR_04A - Copy 2",USD,10.48,3.49333333,,,0,2026-05-23,2026-05-23
"20260518_JustFit_EN_720x1280_FX-Plot_ZT-workout_LVL1_typeface_RS-P2X3R1C2_DHR_FL_08A - Copy 2",USD,15.15,5.05,,,0,2026-05-23,2026-05-23
20251201_JustFit_EN_9x16_FX-Slim_ZT-dancemachine_LVL1_typeface_LVL2_web2sale_RS-P2X2R3C2_YZY_pingme_FL_WZC_129B,USD,12.95,2.59,,,0,2026-05-23,2026-05-23
20260128_Justfit_EN_720x1280_FX-Slim_ZT-bedworkout_LVL1_typeface_RS-P2X1R1C3_FL_WZC_06B,USD,4.91,0.982,,,0,2026-05-23,2026-05-23
20260511_JustFit_EN_720x1280_FX-Plot_ZT-workout_LVL1_typeface_RS-P2X1R1C2_dhr_fl_WZC_11A,USD,19.2,3.84,,,0,2026-05-23,2026-05-23
20260518_JustFit_EN_720x1280_FX-Plot_ZT-workout_LVL1_typeface_RS-P2X1R1C2_fl_WZC_02A,USD,4.98,4.98,,,0,2026-05-23,2026-05-23
20260518_JustFit_EN_720x1280_FX-Plot_ZT-workout_LVL1_typeface_RS-P2X1R1C2_fl_WZC_12A,USD,6.26,1.252,,,0,2026-05-23,2026-05-23
"20260511_JustFit_EN_720x1280_FX-Plot_ZT-workout_LVL1_typeface_RS-P2X3R1C2_DHR_FL_13A - Copy",USD,3.77,0.9425,,,0,2026-05-23,2026-05-23
"20260512_JustFit_EN_720x1280_FX-Ai_ZT-coach_LVL1_typeface_RS-P2X3R1C2_DHR_08A - Copy",USD,3.37,1.12333333,,,0,2026-05-23,2026-05-23
"20260522_JustFit_EN_720x1280_FX-Plot_ZT-workout_LVL1_typeface_RS-P2X3R1C2_DHR_FL_04A - Copy",USD,0.13,0,,,0,2026-05-23,2026-05-23
"20260522_JustFit_EN_720x1280_FX-Plot_ZT-workout_LVL1_typeface_RS-P2X3R1C2_DHR_FL_05A - Copy",USD,1.84,0.92,,,0,2026-05-23,2026-05-23
"20260522_JustFit_EN_720x1280_FX-Plot_ZT-workout_LVL1_typeface_RS-P2X3R1C2_DHR_FL_03A - Copy",USD,0.76,0.38,,,0,2026-05-23,2026-05-23
20260521_JustFit_EN_720x1280_FX-Plot_ZT-workout_LVL1_typeface_RS-P2X3R1C2_DHR_FL_04A,USD,14.16,2.36,,,0,2026-05-23,2026-05-23
20260521_JustFit_EN_720x1280_FX-Ai_ZT-Plot_LVL1_typeface_RS-P2X3R1C2_DHR_14A,USD,0,0,,,0,2026-05-23,2026-05-23
20260521_JustFit_EN_720x1280_FX-Plot_ZT-workout_LVL1_typeface_RS-P2X3R1C2_DHR_FL_02A,USD,5.92,5.92,,,0,2026-05-23,2026-05-23
20260521_JustFit_EN_720x1280_FX-Plot_ZT-workout_LVL1_typeface_RS-P2X3R1C2_DHR_FL_05A,USD,2,0,,,0,2026-05-23,2026-05-23
20260521_JustFit_EN_720x1280_FX-Plot_ZT-workout_LVL1_typeface_RS-P2X3R1C2_DHR_FL_03A,USD,20.79,5.1975,,,0,2026-05-23,2026-05-23
20260521_JustFit_EN_720x1280_FX-Plot_ZT-workout_LVL1_typeface_RS-P2X3R1C2_DHR_FL_01A,USD,13.13,6.565,,,0,2026-05-23,2026-05-23
20260521_JustFit_EN_720x1280_FX-Ai_ZT-Plot_LVL1_typeface_RS-P2X3R1C2_DHR_11A,USD,7.68,3.84,,,0,2026-05-23,2026-05-23
20260521_JustFit_EN_720x1280_FX-Ai_ZT-Plot_LVL1_typeface_RS-P2X3R1C2_DHR_12A,USD,0.32,0,,,0,2026-05-23,2026-05-23
20260521_JustFit_EN_720x1280_FX-Plot_ZT-workout_LVL1_typeface_RS-P2X1R1C2_WZC_02A,USD,3.82,0,,,0,2026-05-23,2026-05-23
20260521_JustFit_EN_720x1280_FX-Plot_ZT-workout_LVL1_typeface_RS-P2X1R1C2_WZC_03A,USD,0.17,0,,,0,2026-05-23,2026-05-23
20260521_JustFit_EN_720x1280_FX-Plot_ZT-workout_LVL1_typeface_RS-P2X1R1C2_WZC_01A,USD,19.99,1.53769231,,,0,2026-05-23,2026-05-23
20260521_JustFit_EN_720x1280_FX-Plot_ZT-workout_LVL1_typeface_RS-P2X1R1C2_WZC_04A,USD,0.81,0,,,0,2026-05-23,2026-05-23
20260521_JustFit_EN_720x1280_FX-Plot_ZT-workout_LVL1_typeface_RS-P2X1R1C2_WZC_05A,USD,0.68,0,,,0,2026-05-23,2026-05-23
20260514_JustFit_EN_9x16_FX-Slim_ZT-workout_LVL1-typeface_RS-P2X1R1C1_095KB-CN_RMG-4085V,USD,6.29,0,,,0,2026-05-23,2026-05-23
20260514_JustFit_EN_9x16_FX-Slim_ZT-bedworkout_LVL1-typeface_RS-P2X1R1C1_095KB-FL-CN-DHR_RMG-4085N,USD,4.7,1.56666667,,,0,2026-05-23,2026-05-23
20260514_JustFit_EN_9x16_FX-Slim_ZT-workout_LVL1-typeface_RS-P2X1R1C1_095KB-CN_RMG-4085U,USD,0.56,0.28,,,0,2026-05-23,2026-05-23
20260514_JustFit_EN_9x16_FX-Slim_ZT-workout_LVL1-typeface_RS-P2X1R1C1_095KB-CN_RMG-4085P,USD,0.72,0.72,,,0,2026-05-23,2026-05-23
20260514_JustFit_EN_9x16_FX-Slim_ZT-workout_LVL1-typeface_RS-P2X1R1C1_095KB-CN_RMG-4085R,USD,10.67,3.55666667,,,0,2026-05-23,2026-05-23
20260514_JustFit_EN_9x16_FX-Slim_ZT-bedworkout_LVL1-typeface_RS-P2X1R1C1_095KB-FL-CN-DHR_RMG-4085M,USD,0.85,0,,,0,2026-05-23,2026-05-23
20260514_JustFit_EN_9x16_FX-Slim_ZT-workout_LVL1-typeface_RS-P2X1R1C1_095KB-CN_RMG-4085W,USD,12.85,2.14166667,,,0,2026-05-23,2026-05-23
20260514_JustFit_EN_9x16_FX-Slim_ZT-workout_LVL1-typeface_RS-P2X1R1C1_095KB-CN_RMG-4085S,USD,0.03,0,,,0,2026-05-23,2026-05-23
20260514_JustFit_EN_9x16_FX-Slim_ZT-bedworkout_LVL1-typeface_RS-P2X1R1C1_095KB-FL-CN-DHR_RMG-4085O,USD,0.24,0,,,0,2026-05-23,2026-05-23
20260514_JustFit_EN_9x16_FX-Slim_ZT-workout_LVL1-typeface_RS-P2X1R1C1_095KB-CN_RMG-4085Q,USD,0.15,0,,,0,2026-05-23,2026-05-23
20260515_JustFit_EN_9x16_FX-Slim_ZT-workout_LVL1-typeface_RS-P2X1R1C1_095KB-FL-CN-DHR_RMG-4083I,USD,0.41,0,,,0,2026-05-23,2026-05-23
20260515_JustFit_EN_9x16_FX-Slim_ZT-workout_LVL1-typeface_RS-P2X1R1C1_095KB-FL-CN-DHR_RMG-4083H,USD,0.37,0,,,0,2026-05-23,2026-05-23
20260515_JustFit_EN_9x16_FX-Slim_ZT-workout_LVL1-typeface_RS-P2X1R1C1_095KB-FL-CN-DHR_RMG-4083J,USD,0.15,0,,,0,2026-05-23,2026-05-23
20260515_JustFit_EN_9x16_FX-Slim_ZT-workout_LVL1-typeface_RS-P2X1R1C1_095KB-FL-CN-DHR_RMG-4083K,USD,10.37,1.29625,,,0,2026-05-23,2026-05-23
20260206_JustFit_EN_9x16_FX-Slim_ZT-dancemachine_LVL1_typeface_LVL2_web2sale_RS-P2X2R3C1_LLX_pingme_165A,USD,6.07,0,,,0,2026-05-23,2026-05-23
20260206_JustFit_EN_9x16_FX-Slim_ZT-dancemachine_LVL1_typeface_LVL2_web2sale_RS-P2X2R3C1_LLX_pingme_173A,USD,21.94,4.388,,,0,2026-05-23,2026-05-23
20260206_JustFit_EN_9x16_FX-Slim_ZT-dancemachine_LVL1_typeface_LVL2_web2sale_RS-P2X2R3C1_LLX_pingme_163A,USD,3.26,3.26,,,0,2026-05-23,2026-05-23
20260213_JustFit_EN_9x16_FX-Slim_ZT-woman2-2_LVL1-typeface_RS-P2X1R2C1_095KB_DHR_FL_JR_RMG-653B,USD,11.16,1.395,,,0,2026-05-23,2026-05-23
20260213_Justfit_EN_720x1280_FX-Slim_ZT-bedworkout_LVL1_typeface_RS-P2X1R1C3_FL_WZC_20A,USD,5.63,1.87666667,,,0,2026-05-23,2026-05-23
20260214_Justfit_EN_720x1280_FX-Slim_ZT-bedworkout_LVL1_typeface_RS-P2X1R1C3_FL_WZC_02A,USD,14.69,2.44833333,,,0,2026-05-23,2026-05-23
20260224_JustFit_EN_9x16_FX-Slim_ZT-woman4_LVL1-typeface_RS-P2X1R2C1_095KB_DHR_FL_JR_RMG-653K,USD,14.89,4.96333333,,,0,2026-05-23,2026-05-23
20260224_JustFit_EN_720x1280_FX-Plot_ZT-workout_LVL1_typeface_RS-P2X1R1C2_mia_DHR_03A,USD,10.05,2.5125,,,0,2026-05-23,2026-05-23
20260224_Justfit_EN_720x1280_FX-Slim_ZT-bedworkout_LVL1_typeface_RS-P2X1R1C3_FL_WZC_04A,USD,6.6,3.3,,,0,2026-05-23,2026-05-23
20260225_Justfit_EN_720x1280_FX-Slim_ZT-bedworkout_LVL1_typeface_RS-P2X1R1C3_FL_WZC_05A,USD,17.51,17.51,,,0,2026-05-23,2026-05-23
20260226_JustFit_EN_9x16_FX-Slim_ZT-FUPA3_LVL1-typeface_RS-P2X1R2C1_095KB_LLX_JR_RMG-1288C,USD,7.69,0,,,0,2026-05-23,2026-05-23
20260226_Justfit_EN_720x1280_FX-Slim_ZT-bedworkout_LVL1_typeface_RS-P2X1R1C3_WZC_21A,USD,6.14,0,,,0,2026-05-23,2026-05-23
20260226_Justfit_EN_720x1280_FX-Slim_ZT-bedworkout_LVL1_typeface_RS-P2X1R1C3_WZC_24A,USD,1.28,1.28,,,0,2026-05-23,2026-05-23
20260227_JustFit_EN_720x1280_FX-Plot_ZT-workout_LVL1_typeface_RS-P2X1R1C2_DHR_FL_05A,USD,21.84,1.68,,,0,2026-05-23,2026-05-23
20260228_JustFit_EN_9x16_FX-Slim_ZT-girl5_LVL1-typeface_RS-P2X1R2C1_095KB_HL_DHR_JR_RMG-1382E,USD,8.21,2.73666667,,,0,2026-05-23,2026-05-23
20260520_JustFit_EN_720x1280_FX-Ai_ZT-Plot_LVL1_typeface_RS-P2X3R1C2_DHR_12A,USD,8.78,2.92666667,,,0,2026-05-23,2026-05-23
20260520_JustFit_EN_720x1280_FX-Ai_ZT-Plot_LVL1_typeface_RS-P2X3R1C2_DHR_09A,USD,14.38,7.19,,,0,2026-05-23,2026-05-23
20260520_JustFit_EN_720x1280_FX-Ai_ZT-Plot_LVL1_typeface_RS-P2X3R1C2_DHR_23A,USD,0.37,0,,,0,2026-05-23,2026-05-23
20260520_JustFit_EN_720x1280_FX-Ai_ZT-Plot_LVL1_typeface_RS-P2X3R1C2_DHR_06A,USD,1.68,0,,,0,2026-05-23,2026-05-23
20260520_JustFit_EN_720x1280_FX-Ai_ZT-Plot_LVL1_typeface_RS-P2X3R1C2_DHR_10A,USD,7.27,3.635,,,0,2026-05-23,2026-05-23
20260520_JustFit_EN_720x1280_FX-Ai_ZT-Plot_LVL1_typeface_RS-P2X3R1C2_DHR_11A,USD,13.71,0,,,0,2026-05-23,2026-05-23
20260520_JustFit_EN_720x1280_FX-Ai_ZT-Plot_LVL1_typeface_RS-P2X3R1C2_DHR_08A,USD,23.09,1.64928571,,,0,2026-05-23,2026-05-23
20260520_JustFit_EN_720x1280_FX-Ai_ZT-Plot_LVL1_typeface_RS-P2X3R1C2_DHR_13A,USD,5.8,2.9,,,0,2026-05-23,2026-05-23
20260520_JustFit_EN_720x1280_FX-Ai_ZT-Plot_LVL1_typeface_RS-P2X3R1C2_DHR_15A,USD,0.04,0,,,0,2026-05-23,2026-05-23
20260520_JustFit_EN_720x1280_FX-Plot_ZT-workout_LVL1_typeface_RS-P2X1R1C2_WZC_01A,USD,0.16,0,,,0,2026-05-23,2026-05-23
20260520_JustFit_EN_720x1280_FX-Plot_ZT-workout_LVL1_typeface_RS-P2X1R1C2_WZC_14A,USD,19.46,1.02421053,,,0,2026-05-23,2026-05-23
20260520_JustFit_EN_720x1280_FX-Plot_ZT-workout_LVL1_typeface_RS-P2X1R1C2_WZC_10A,USD,19.12,1.195,,,0,2026-05-23,2026-05-23
20260520_JustFit_EN_720x1280_FX-Plot_ZT-workout_LVL1_typeface_RS-P2X1R1C2_WZC_03A,USD,0.56,0,,,0,2026-05-23,2026-05-23
20260520_JustFit_EN_720x1280_FX-Plot_ZT-workout_LVL1_typeface_RS-P2X1R1C2_WZC_02A,USD,0.25,0,,,0,2026-05-23,2026-05-23
20260206_JustFit_EN_9x16_FX-Slim_ZT-woman1_LVL1-typeface-GCC_RS-P2X1R2C1_095KB_DHR_FL_JR_RMG-867,USD,14.96,1.66222222,,,0,2026-05-23,2026-05-23
20260206_JustFit_EN_720x1280_FX-Plot_ZT-workout_LVL1_typeface_RS-P2X1R1C2_FL_DHR_05B,USD,0.68,0,,,0,2026-05-23,2026-05-23
20260206_JustFit_EN_720x1280_FX-Plot_ZT-workout_LVL1_typeface_RS-P2X1R1C2_FL_DHR_12A,USD,0.54,0,,,0,2026-05-23,2026-05-23
20260206_JustFit_EN_720x1280_FX-Plot_ZT-workout_LVL1_typeface_RS-P2X1R1C2_FL_DHR_05A,USD,17.44,2.18,,,0,2026-05-23,2026-05-23
20260206_JustFit_EN_9x16_FX-Slim_ZT-follow_LVL1_typeface_LVL2_web2sale_RS-P2X2R3C2_YZY_pingme_FL_129A,USD,3.06,0,,,0,2026-05-23,2026-05-23
20260206_JustFit_EN_9x16_FX-Slim_ZT-dancemachine_LVL1_typeface_LVL2_web2sale_RS-P2X2R3C2_ZYL_pingme_FL_25A,USD,2.46,0,,,0,2026-05-23,2026-05-23
20260206_JustFit_EN_9x16_FX-Slim_ZT-dancemachine_LVL1_typeface_LVL2_web2sale_RS-P2X2R3C1_LLX_pingme_176A,USD,12.03,2.005,,,0,2026-05-23,2026-05-23
20260206_JustFit_EN_9x16_FX-Slim_ZT-dancemachine_LVL1_typeface_LVL2_web2sale_RS-P2X2R3C1_LLX_pingme_165A,USD,1.36,0,,,0,2026-05-23,2026-05-23
20260206_JustFit_EN_9x16_FX-Slim_ZT-dancemachine_LVL1_typeface_LVL2_web2sale_RS-P2X2R3C1_LLX_pingme_173A,USD,3.63,1.21,,,0,2026-05-23,2026-05-23
20260206_JustFit_EN_9x16_FX-Slim_ZT-dancemachine_LVL1_typeface_LVL2_web2sale_RS-P2X2R3C1_LLX_pingme_191A,USD,10.29,2.058,,,0,2026-05-23,2026-05-23
20260206_JustFit_EN_9x16_FX-Slim_ZT-dancemachine_LVL1_typeface_LVL2_web2sale_RS-P2X2R3C1_LLX_pingme_163A,USD,0.63,0,,,0,2026-05-23,2026-05-23
20260213_JustFit_EN_9x16_FX-Slim_ZT-021301-GYM_LVL1-typeface_RS-P2X1R1C1_DHR-CN_RMG-895P,USD,13.35,1.90714286,,,0,2026-05-23,2026-05-23
20260213_Justfit_EN_720x1280_FX-Slim_ZT-bedworkout_LVL1_typeface_RS-P2X1R1C3_FL_WZC_19A,USD,12.92,2.15333333,,,0,2026-05-23,2026-05-23
20260225_Justfit_EN_720x1280_FX-Slim_ZT-bedworkout_LVL1_typeface_RS-P2X1R1C3_FL_WZC_05A,USD,3.64,3.64,,,0,2026-05-23,2026-05-23
20260226_Justfit_EN_720x1280_FX-Slim_ZT-bedworkout_LVL1_typeface_RS-P2X1R1C3_WZC_24A,USD,0.04,0,,,0,2026-05-23,2026-05-23
20260119_JustFit_EN_9x16_FX-Slim_ZT-dancemachine_LVL1_typeface_LVL2_web2sale_RS-P2X2R3C2_ZX_pingme_187A,USD,8.94,2.98,,,0,2026-05-23,2026-05-23
20260119_JustFit_EN_9x16_FX-Slim_ZT-dancemachine_LVL1_typeface_LVL2_web2sale_RS-P2X2R3C2_ZL_pingme_mia_78A,USD,9.81,3.27,,,0,2026-05-23,2026-05-23
20260128_JustFit_EN_720x1280_FX-Plot_ZT-workout_LVL1_typeface_RS-P2X1R1C2_FL_DHR_16A,USD,12.62,1.5775,,,0,2026-05-23,2026-05-23
20260128_Justfit_EN_720x1280_FX-Slim_ZT-bedworkout_LVL1_typeface_RS-P2X1R1C3_FL_WZC_18A,USD,15.37,5.12333333,,,0,2026-05-23,2026-05-23
20260103_JustFit_EN_9x16_FX-Slim_ZT-012907-Drspine_LVL1-typeface_RS-P2X1R1C1_095KB-FL-ST,USD,10.81,2.7025,,,0,2026-05-23,2026-05-23
20260203_JustFit_EN_9x16_FX-Slim_ZT-woman2_LVL1-typeface_RS-P2X1R2C1_095KB_DHR_FL_JR_RMG-782E,USD,5.19,0,,,0,2026-05-23,2026-05-23
20260203_JustFit_EN_9x16_FX-Slim_ZT-woman1_LVL1-typeface_RS-P2X1R2C1_095KB_DHR_FL_JR_RMG-782F,USD,21.11,1.62384615,,,0,2026-05-23,2026-05-23
20260126_JustFit_EN_9x16_FX-Slim_ZT-follow_LVL1_typeface_LVL2_web2sale_RS-P2X2R3C2_SYF_pingme_FL_90A,USD,7.1,2.36666667,,,0,2026-05-23,2026-05-23
20260126_JustFit_EN_9x16_FX-Slim_ZT-follow_LVL1_typeface_LVL2_web2sale_RS-P2X2R3C2_SYF_pingme_FL_91A,USD,3.27,3.27,,,0,2026-05-23,2026-05-23
20260126_JustFit_EN_9x16_FX-Slim_ZT-follow_LVL1_typeface_LVL2_web2sale_RS-P2X2R3C2_SYF_pingme_FL_91A,USD,3.25,3.25,,,0,2026-05-23,2026-05-23
20260126_JustFit_EN_9x16_FX-Slim_ZT-follow_LVL1_typeface_LVL2_web2sale_RS-P2X2R3C2_WPL_pingme_FL_132A,USD,11.08,2.77,,,0,2026-05-23,2026-05-23
20260126_JustFit_EN_9x16_FX-Slim_ZT-follow_LVL1_typeface_LVL2_web2sale_RS-P2X2R3C2_SYF_pingme_FL_89A,USD,17.12,5.70666667,,,0,2026-05-23,2026-05-23
20260126_JustFit_EN_9x16_FX-Slim_ZT-follow_LVL1_typeface_LVL2_web2sale_RS-P2X2R3C2_SYF_pingme_FL_89A,USD,11.38,3.79333333,,,0,2026-05-23,2026-05-23
20260126_JustFit_EN_9x16_FX-Slim_ZT-follow_LVL1_typeface_LVL2_web2sale_RS-P2X2R3C2_SYF_pingme_51A,USD,4.64,2.32,,,0,2026-05-23,2026-05-23
20260126_JustFit_EN_9x16_FX-Slim_ZT-follow_LVL1_typeface_LVL2_web2sale_RS-P2X2R3C2_SYF_pingme_51A,USD,15.44,3.86,,,0,2026-05-23,2026-05-23
20260204_JustFit_EN_720x1280_FX-Plot_ZT-workout_LVL1_typeface_RS-P2X1R1C2_FL_DHR_06A,USD,22.83,1.26833333,,,0,2026-05-23,2026-05-23
20260205_Justfit_EN_720x1280_FX-Slim_ZT-bedworkout_LVL1_typeface_RS-P2X1R1C3_FL_DHR_WZC_13A,USD,6.54,1.308,,,0,2026-05-23,2026-05-23
20260206_JustFit_FR_9x16_FX-Slim_ZT-0112POVthreepeople_LVL1-typeface_RS-P2X1R1C1_095KB-mia-DHR-HJ_RMG-850B,USD,2.08,0,,,0,2026-05-23,2026-05-23
20260514_JustFit_EN_9x16_FX-Slim_ZT-bedworkout_LVL1-typeface_RS-P2X1R1C1_095KB-FL-CN-DHR_RMG-4085K,USD,12.45,1.77857143,,,0,2026-05-23,2026-05-23
20260514_JustFit_EN_9x16_FX-Slim_ZT-bedworkout_LVL1-typeface_RS-P2X1R1C1_095KB-FL-CN-DHR_RMG-4085N,USD,8.95,1.79,,,0,2026-05-23,2026-05-23
20260514_JustFit_EN_9x16_FX-Slim_ZT-workout_LVL1-typeface_RS-P2X1R1C1_095KB-CN_RMG-4085P,USD,9.45,9.45,,,0,2026-05-23,2026-05-23
20260514_JustFit_EN_9x16_FX-Slim_ZT-bedworkout_LVL1-typeface_RS-P2X1R1C1_095KB-FL-CN-DHR_RMG-4085I,USD,15.59,3.8975,,,0,2026-05-23,2026-05-23
20260514_JustFit_EN_9x16_FX-Slim_ZT-workout_LVL1-typeface_RS-P2X1R1C1_095KB-CN_RMG-4085R,USD,6.41,0,,,0,2026-05-23,2026-05-23
20260514_JustFit_EN_9x16_FX-Slim_ZT-bedworkout_LVL1-typeface_RS-P2X1R1C1_095KB-FL-CN-DHR_RMG-4085M,USD,8.76,2.92,,,0,2026-05-23,2026-05-23
20260514_JustFit_EN_9x16_FX-Slim_ZT-bedworkout_LVL1-typeface_RS-P2X1R1C1_095KB-CN_RMG-4085X,USD,10.52,10.52,,,0,2026-05-23,2026-05-23
20260514_JustFit_EN_9x16_FX-Slim_ZT-bedworkout_LVL1-typeface_RS-P2X1R1C1_095KB-FL-CN-DHR_RMG-4085O,USD,2.26,1.13,,,0,2026-05-23,2026-05-23
20260514_JustFit_EN_9x16_FX-Slim_ZT-workout_LVL1-typeface_RS-P2X1R1C1_095KB-CN_RMG-4085T,USD,17.89,2.55571429,,,0,2026-05-23,2026-05-23
20260514_JustFit_EN_9x16_FX-Slim_ZT-workout_LVL1-typeface_RS-P2X1R1C1_095KB-CN_RMG-4085Q,USD,24.02,2.402,,,0,2026-05-23,2026-05-23
20260519_JustFit_EN_720x1280_FX-Plot_ZT-workout_LVL1_typeface_RS-P2X3R1C2_DHR_FL_15A,USD,6.03,2.01,,,0,2026-05-23,2026-05-23
20260519_JustFit_EN_720x1280_FX-Plot_ZT-workout_LVL1_typeface_RS-P2X3R1C2_DHR_FL_16A,USD,0.64,0.64,,,0,2026-05-23,2026-05-23
20260519_JustFit_EN_720x1280_FX-Plot_ZT-workout_LVL1_typeface_RS-P2X3R1C2_DHR_FL_17A,USD,15.7,1.30833333,,,0,2026-05-23,2026-05-23
20260519_JustFit_EN_720x1280_FX-Plot_ZT-workout_LVL1_typeface_RS-P2X3R1C2_DHR_FL_18A,USD,16.09,3.218,,,0,2026-05-23,2026-05-23
20260519_JustFit_EN_720x1280_FX-Plot_ZT-workout_LVL1_typeface_RS-P2X1R1C2_WZC_13A,USD,7.78,7.78,,,0,2026-05-23,2026-05-23
20260519_JustFit_EN_720x1280_FX-Plot_ZT-workout_LVL1_typeface_RS-P2X1R1C2_WZC_01A,USD,2.87,0,,,0,2026-05-23,2026-05-23
20260519_JustFit_EN_720x1280_FX-Plot_ZT-workout_LVL1_typeface_RS-P2X1R1C2_WZC_09A,USD,0.05,0,,,0,2026-05-23,2026-05-23
20260519_JustFit_EN_720x1280_FX-Plot_ZT-workout_LVL1_typeface_RS-P2X1R1C2_WZC_08A,USD,18.87,1.887,,,0,2026-05-23,2026-05-23
20260519_JustFit_EN_720x1280_FX-Plot_ZT-workout_LVL1_typeface_RS-P2X1R1C2_WZC_02A,USD,5.31,2.655,,,0,2026-05-23,2026-05-23
20260519_JustFit_EN_720x1280_FX-Plot_ZT-workout_LVL1_typeface_RS-P2X1R1C2_WZC_07A,USD,14.27,2.854,,,0,2026-05-23,2026-05-23
20260520_JustFit_EN_720x1280_FX-Ai_ZT-Plot_LVL1_typeface_RS-P2X3R1C2_DHR_05A,USD,9.57,4.785,,,0,2026-05-23,2026-05-23
20260520_JustFit_EN_720x1280_FX-Ai_ZT-Plot_LVL1_typeface_RS-P2X3R1C2_DHR_03A,USD,3.35,0,,,0,2026-05-23,2026-05-23
20260520_JustFit_EN_720x1280_FX-Ai_ZT-Plot_LVL1_typeface_RS-P2X3R1C2_DHR_01A,USD,0.68,0.68,,,0,2026-05-23,2026-05-23
"20260520_JustFit_EN_720x1280_FX-Ai_ZT-Plot_LVL1_typeface_RS-P2X3R1C2_DHR_04A - Copy",USD,23.57,3.36714286,,,0,2026-05-23,2026-05-23
"20260520_JustFit_EN_720x1280_FX-Ai_ZT-Plot_LVL1_typeface_RS-P2X3R1C2_DHR_01A - Copy",USD,4.55,0,,,0,2026-05-23,2026-05-23
20260123_JustFit_EN_720x1280_FX-Plot_ZT-workout_LVL1_typeface_RS-P2X1R1C2_mia_DHR_06A,USD,21.99,5.4975,,,0,2026-05-23,2026-05-23
20260112_JustFit_EN_9x16_FX-Slim_ZT-follow_LVL1_typeface_LVL2_web2sale_RS-P2X2R3C2_ZYL_pingme_mia_35A,USD,8.77,2.1925,,,0,2026-05-23,2026-05-23
20260112_JustFit_EN_9x16_FX-Slim_ZT-follow_LVL1_typeface_LVL2_web2sale_RS-P2X2R3C2_ZYL_pingme_mia_14A,USD,0.39,0,,,0,2026-05-23,2026-05-23
20260112_JustFit_EN_9x16_FX-Slim_ZT-follow_LVL1_typeface_LVL2_web2sale_RS-P2X2R3C2_ZYL_pingme_mia_44A,USD,5.96,1.98666667,,,0,2026-05-23,2026-05-23
20260112_JustFit_EN_9x16_FX-Slim_ZT-follow_LVL1_typeface_LVL2_web2sale_RS-P2X2R3C2_WYN_pingme_mia_93A,USD,16.85,2.40714286,,,0,2026-05-23,2026-05-23
20260112_JustFit_EN_9x16_FX-Slim_ZT-follow_LVL1_typeface_LVL2_web2sale_RS-P2X2R3C2_WYN_pingme_mia_92A,USD,8.61,2.87,,,0,2026-05-23,2026-05-23
20260123_Justfit_EN_720x1280_FX-Slim_ZT-bedworkout_LVL1_typeface_RS-P2X1R1C3_FL_WZC_06A,USD,1.35,1.35,,,0,2026-05-23,2026-05-23
20260112_JustFit_EN_9x16_FX-Slim_ZT-follow_LVL1_typeface_LVL2_web2sale_RS-P2X2R3C2_WPL_pingme_mia_149A,USD,0.19,0,,,0,2026-05-23,2026-05-23
20260112_JustFit_EN_9x16_FX-Slim_ZT-follow_LVL1_typeface_LVL2_web2sale_RS-P2X2R3C2_WYN_pingme_mia_73A,USD,3.02,0,,,0,2026-05-23,2026-05-23
20260119_JustFit_EN_9x16_FX-Slim_ZT-dancemachine_LVL1_typeface_LVL2_web2sale_RS-P2X2R3C2_ZYL_pingme_FL_148A,USD,2.7,0,,,0,2026-05-23,2026-05-23
20260119_JustFit_EN_9x16_FX-Slim_ZT-dancemachine_LVL1_typeface_LVL2_web2sale_RS-P2X2R3C2_ZYL_pingme_mia_121A,USD,25.32,3.165,,,0,2026-05-23,2026-05-23
20260119_JustFit_EN_9x16_FX-Slim_ZT-dancemachine_LVL1_typeface_LVL2_web2sale_RS-P2X2R3C2_ZYL_pingme_FL_147A,USD,23.77,0,,,0,2026-05-23,2026-05-23
20260119_JustFit_EN_9x16_FX-Slim_ZT-follow_LVL1_typeface_LVL2_web2sale_RS-P2X2R3C1_LLX_pingme_170A,USD,4.47,4.47,,,0,2026-05-23,2026-05-23
20260119_JustFit_EN_9x16_FX-Slim_ZT-follow_LVL1_typeface_LVL2_web2sale_RS-P2X2R3C1_LLX_pingme_163A,USD,3.03,3.03,,,0,2026-05-23,2026-05-23
20260521_JustFit_EN_720x1280_FX-Plot_ZT-workout_LVL1_typeface_RS-P2X1R1C2_dhr_WZC_12A,USD,4.55,2.275,,,0,2026-05-23,2026-05-23
20260521_JustFit_EN_720x1280_FX-Plot_ZT-workout_LVL1_typeface_RS-P2X1R1C2_dhr_WZC_10A,USD,23.87,4.774,,,0,2026-05-23,2026-05-23
20260521_JustFit_EN_720x1280_FX-Plot_ZT-workout_LVL1_typeface_RS-P2X1R1C2_dhr_WZC_11A,USD,2.14,0,,,0,2026-05-23,2026-05-23
20260522_JustFit_EN_720x1280_FX-Plot_ZT-workout_LVL1_typeface_RS-P2X1R1C2_WZC_02A,USD,6.76,3.38,,,0,2026-05-23,2026-05-23
20260522_JustFit_EN_720x1280_FX-Plot_ZT-workout_LVL1_typeface_RS-P2X1R1C2_WZC_01A,USD,0.79,0,,,0,2026-05-23,2026-05-23
20260522_JustFit_EN_720x1280_FX-Plot_ZT-workout_LVL1_typeface_RS-P2X1R1C2_WZC_03A,USD,23.28,5.82,,,0,2026-05-23,2026-05-23
20260522_JustFit_EN_720x1280_FX-Plot_ZT-workout_LVL1_typeface_RS-P2X1R1C2_dhr_WZC_12A,USD,1.06,0,,,0,2026-05-23,2026-05-23
20260522_JustFit_EN_720x1280_FX-Plot_ZT-workout_LVL1_typeface_RS-P2X1R1C2_WZC_06A,USD,6.29,3.145,,,0,2026-05-23,2026-05-23
20260522_JustFit_EN_720x1280_FX-Plot_ZT-workout_LVL1_typeface_RS-P2X1R1C2_dhr_WZC_09A,USD,17.74,1.97111111,,,0,2026-05-23,2026-05-23
20260522_JustFit_EN_720x1280_FX-Plot_ZT-workout_LVL1_typeface_RS-P2X1R1C2_WZC_05A,USD,11.79,5.895,,,0,2026-05-23,2026-05-23
20260522_JustFit_EN_720x1280_FX-Plot_ZT-workout_LVL1_typeface_RS-P2X1R1C2_dhr_WZC_11A,USD,0.95,0,,,0,2026-05-23,2026-05-23
20260522_JustFit_EN_720x1280_FX-Plot_ZT-workout_LVL1_typeface_RS-P2X1R1C2_dhr_WZC_08A,USD,23.26,5.815,,,0,2026-05-23,2026-05-23
20260522_JustFit_EN_720x1280_FX-Plot_ZT-workout_LVL1_typeface_RS-P2X1R1C2_dhr_WZC_07A,USD,6.59,6.59,,,0,2026-05-23,2026-05-23
20260522_JustFit_EN_720x1280_FX-Plot_ZT-workout_LVL1_typeface_RS-P2X1R1C2_WZC_04A,USD,0.59,0,,,0,2026-05-23,2026-05-23
20260520_JustFit_EN_720x1280_FX-Plot_ZT-workout_LVL1_typeface_RS-P2X1R1C2_WZC_16A,USD,0.84,0.84,,,0,2026-05-23,2026-05-23
20260520_JustFit_EN_720x1280_FX-Plot_ZT-workout_LVL1_typeface_RS-P2X1R1C2_dhr_WZC_08A,USD,23.05,2.305,,,0,2026-05-23,2026-05-23
20260520_JustFit_EN_720x1280_FX-Plot_ZT-workout_LVL1_typeface_RS-P2X1R1C2_WZC_04A,USD,2.6,1.3,,,0,2026-05-23,2026-05-23
"20260520_JustFit_EN_720x1280_FX-Plot_ZT-workout_LVL1_typeface_RS-P2X1R1C2_WZC_16A - Copy",USD,20.77,0.67,,,0,2026-05-23,2026-05-23
"20260520_JustFit_EN_720x1280_FX-Plot_ZT-workout_LVL1_typeface_RS-P2X1R1C2_WZC_04A - Copy",USD,15.52,2.21714286,,,0,2026-05-23,2026-05-23
"20260520_JustFit_EN_720x1280_FX-Plot_ZT-workout_LVL1_typeface_RS-P2X1R1C2_dhr_WZC_08A - Copy",USD,10.63,3.54333333,,,0,2026-05-23,2026-05-23
20260520_JustFit_EN_720x1280_FX-Plot_ZT-workout_LVL1_typeface_RS-P2X1R1C2_WZC_09A,USD,6.84,3.42,,,0,2026-05-23,2026-05-23
20260520_JustFit_EN_720x1280_FX-Plot_ZT-workout_LVL1_typeface_RS-P2X1R1C2_WZC_11A,USD,8.59,4.295,,,0,2026-05-23,2026-05-23
20260521_JustFit_EN_720x1280_FX-Ai_ZT-Plot_LVL1_typeface_RS-P2X3R1C2_095KB_DHR_22A,USD,5.91,0,,,0,2026-05-23,2026-05-23
20260521_JustFit_EN_720x1280_FX-Ai_ZT-Plot_LVL1_typeface_RS-P2X3R1C2_095KB_DHR_20A,USD,4.25,2.125,,,0,2026-05-23,2026-05-23
20260521_JustFit_EN_720x1280_FX-Ai_ZT-Plot_LVL1_typeface_RS-P2X3R1C2_095KB_DHR_17A,USD,14.78,2.11142857,,,0,2026-05-23,2026-05-23
20260521_JustFit_EN_720x1280_FX-Ai_ZT-Plot_LVL1_typeface_RS-P2X3R1C2_095KB_DHR_19A,USD,0.41,0,,,0,2026-05-23,2026-05-23
20260521_JustFit_EN_720x1280_FX-Ai_ZT-Plot_LVL1_typeface_RS-P2X3R1C2_095KB_DHR_21A,USD,35.1,2.34,,,0,2026-05-23,2026-05-23
20260521_JustFit_EN_720x1280_FX-Ai_ZT-Plot_LVL1_typeface_RS-P2X3R1C2_095KB_DHR_16A,USD,3.17,3.17,,,0,2026-05-23,2026-05-23
20260521_JustFit_EN_720x1280_FX-Ai_ZT-Plot_LVL1_typeface_RS-P2X3R1C2_095KB_DHR_18A,USD,47.99,1.59966667,,,0,2026-05-23,2026-05-23
20260521_JustFit_EN_720x1280_FX-Ai_ZT-Plot_LVL1_typeface_RS-P2X3R1C2_DHR_06A,USD,0.34,0,,,0,2026-05-23,2026-05-23
20260521_JustFit_EN_720x1280_FX-Ai_ZT-Plot_LVL1_typeface_RS-P2X3R1C2_DHR_08A,USD,0.15,0,,,0,2026-05-23,2026-05-23
20260521_JustFit_EN_720x1280_FX-Ai_ZT-Plot_LVL1_typeface_RS-P2X3R1C2_DHR_07A,USD,2.58,0,,,0,2026-05-23,2026-05-23
20260521_JustFit_EN_720x1280_FX-Ai_ZT-Plot_LVL1_typeface_RS-P2X3R1C2_DHR_10A,USD,13.1,13.1,,,0,2026-05-23,2026-05-23
20260521_JustFit_EN_720x1280_FX-Ai_ZT-Plot_LVL1_typeface_RS-P2X3R1C2_DHR_09A,USD,5.73,5.73,,,0,2026-05-23,2026-05-23
20251201_JustFit_EN_9x16_FX-Plus_JB-111201_ZT-PlusKaity_LVL1-typeface_RS-P2X1R2C1_095KB-FL-HJ,USD,12.57,1.79571429,,,0,2026-05-23,2026-05-23
20251201_JustFit_EN_9x16_FX-Plus_JB-111201_ZT-PlusK_LVL1-typeface_RS-P2X1R2C1_095KB-FL-HJ,USD,1.48,1.48,,,0,2026-05-23,2026-05-23
20251203_JustFit_EN_9x16_FX-Slim_ZT-AImusic2-alex-pro_LVL1-typeface_RS-P2X1R1C1_095KB-YD,USD,0.08,0,,,0,2026-05-23,2026-05-23
20251203_JustFit_EN_9x16_FX-Slim_ZT-AImusic2-kaitey-pro_LVL1-typeface_RS-P2X1R1C1_095KB-YD,USD,1.21,0,,,0,2026-05-23,2026-05-23
20251203_JustFit_EN_9x16_FX-Slim_ZT-AImusic2-elizabeth-pro_LVL1-typeface_RS-P2X1R1C1_095KB-YD,USD,10.16,5.08,,,0,2026-05-23,2026-05-23
20251203_JustFit_EN_9x16_FX-Slim_ZT-AImusic1-alex_LVL1-typeface_RS-P2X1R1C1_095KB-YD,USD,9.36,1.872,,,0,2026-05-23,2026-05-23
20251203_JustFit_EN_9x16_FX-Slim_ZT-AImusic3-elizabeth_LVL1-typeface_RS-P2X1R1C1_095KB-YD,USD,0.34,0,,,0,2026-05-23,2026-05-23
20260514_JustFit_EN_9x16_FX-Slim_ZT-bedworkout_LVL1-typeface_RS-P2X1R1C1_095KB-FL-CN-DHR_RMG-4085K,USD,3.09,3.09,,,0,2026-05-23,2026-05-23
20260514_JustFit_EN_9x16_FX-Slim_ZT-bedworkout_LVL1-typeface_RS-P2X1R1C1_095KB-CN_RMG-4085Z,USD,2.05,2.05,,,0,2026-05-23,2026-05-23
20260514_JustFit_EN_9x16_FX-Slim_ZT-bedworkout_LVL1-typeface_RS-P2X1R1C1_095KB-FL-CN-DHR_RMG-4085I,USD,13.14,2.19,,,0,2026-05-23,2026-05-23
20260514_JustFit_EN_9x16_FX-Slim_ZT-bedworkout_LVL1-typeface_RS-P2X1R1C1_095KB-CN_RMG-4085Y,USD,0.05,0.05,,,0,2026-05-23,2026-05-23
20260514_JustFit_EN_9x16_FX-Slim_ZT-bedworkout_LVL1-typeface_RS-P2X1R1C1_095KB-CN_RMG-4085X,USD,5.51,5.51,,,0,2026-05-23,2026-05-23
20260514_JustFit_EN_9x16_FX-Slim_ZT-bedworkout_LVL1-typeface_RS-P2X1R1C1_095KB-FL-CN-DHR_RMG-4085J,USD,2.12,1.06,,,0,2026-05-23,2026-05-23
20260514_JustFit_EN_9x16_FX-Slim_ZT-bedworkout_LVL1-typeface_RS-P2X1R1C1_095KB-FL-CN-DHR_RMG-4085L,USD,4.51,1.50333333,,,0,2026-05-23,2026-05-23
"20260520_JustFit_EN_720x1280_FX-Plot_ZT-workout_LVL1_typeface_RS-P2X1R1C2_WZC_16A - Copy 2",USD,7.5,7.5,,,0,2026-05-23,2026-05-23
"20260520_JustFit_EN_720x1280_FX-Plot_ZT-workout_LVL1_typeface_RS-P2X1R1C2_WZC_04A - Copy 2",USD,10.89,2.178,,,0,2026-05-23,2026-05-23
"20260521_JustFit_EN_720x1280_FX-Ai_ZT-Plot_LVL1_typeface_RS-P2X3R1C2_095KB_DHR_15A - Copy",USD,17.09,4.2725,,,0,2026-05-23,2026-05-23
"20260521_JustFit_EN_720x1280_FX-Ai_ZT-Plot_LVL1_typeface_RS-P2X3R1C2_095KB_DHR_16A - Copy",USD,1.29,1.29,,,0,2026-05-23,2026-05-23
"20260521_JustFit_EN_720x1280_FX-Ai_ZT-Plot_LVL1_typeface_RS-P2X3R1C2_095KB_DHR_21A - Copy",USD,21.44,2.38222222,,,0,2026-05-23,2026-05-23
"20260520_JustFit_EN_720x1280_FX-Plot_ZT-workout_LVL1_typeface_RS-P2X1R1C2_dhr_WZC_08A - Copy 3",USD,13.24,2.20666667,,,0,2026-05-23,2026-05-23
"20260520_JustFit_EN_720x1280_FX-Plot_ZT-workout_LVL1_typeface_RS-P2X1R1C2_WZC_04A - Copy 3",USD,7.35,1.05,,,0,2026-05-23,2026-05-23
"20260520_JustFit_EN_720x1280_FX-Plot_ZT-workout_LVL1_typeface_RS-P2X1R1C2_WZC_16A - Copy 3",USD,6.04,2.01333333,,,0,2026-05-23,2026-05-23
20260206_JustFit_EN_720x1280_FX-Plot_ZT-workout_LVL1_typeface_RS-P2X1R1C2_FL_DHR_03A,USD,4.97,0.994,,,0,2026-05-23,2026-05-23
20260206_JustFit_EN_720x1280_FX-Plot_ZT-workout_LVL1_typeface_RS-P2X1R1C2_FL_DHR_05B,USD,23.6,3.37142857,,,0,2026-05-23,2026-05-23
20260206_JustFit_EN_720x1280_FX-Plot_ZT-workout_LVL1_typeface_RS-P2X1R1C2_FL_DHR_12A,USD,2.56,0,,,0,2026-05-23,2026-05-23
20260206_JustFit_EN_720x1280_FX-Plot_ZT-workout_LVL1_typeface_RS-P2X1R1C2_FL_DHR_05A,USD,22.19,5.5475,,,0,2026-05-23,2026-05-23
20260211_JustFit_EN_9x16_FX-Slim_ZT-plot_LVL1-typeface_RS-P2X1R1C1_FL_DHR_CN_RMG-886D,USD,7.72,1.10285714,,,0,2026-05-23,2026-05-23
20260206_JustFit_EN_9x16_FX-Slim_ZT-follow_LVL1_typeface_LVL2_web2sale_RS-P2X2R3C2_ZYL_pingme_FL_09A,USD,1.57,0,,,0,2026-05-23,2026-05-23
20260206_JustFit_EN_9x16_FX-Slim_ZT-follow_LVL1_typeface_LVL2_web2sale_RS-P2X2R3C2_YZY_pingme_FL_150A,USD,2.44,0.81333333,,,0,2026-05-23,2026-05-23
20260206_JustFit_EN_9x16_FX-Slim_ZT-follow_LVL1_typeface_LVL2_web2sale_RS-P2X2R3C2_YZY_pingme_FL_129A,USD,7.24,1.20666667,,,0,2026-05-23,2026-05-23
20260206_JustFit_EN_9x16_FX-Slim_ZT-dancemachine_LVL1_typeface_LVL2_web2sale_RS-P2X2R3C2_ZYL_pingme_FL_31A,USD,21.54,3.07714286,,,0,2026-05-23,2026-05-23
20260206_JustFit_EN_9x16_FX-Slim_ZT-dancemachine_LVL1_typeface_LVL2_web2sale_RS-P2X2R3C2_ZYL_pingme_FL_25A,USD,9.5,3.16666667,,,0,2026-05-23,2026-05-23
20260211_JustFit_EN_720x1280_FX-Plot_ZT-workout_LVL1_typeface_RS-P2X1R1C2_FL_DHR_20A,USD,3.03,0,,,0,2026-05-23,2026-05-23
20260211_JustFit_EN_720x1280_FX-Plot_ZT-workout_LVL1_typeface_RS-P2X1R1C2_FL_DHR_13A,USD,18.96,3.16,,,0,2026-05-23,2026-05-23
20260206_JustFit_EN_9x16_FX-Slim_ZT-dancemachine_LVL1_typeface_LVL2_web2sale_RS-P2X2R3C1_LLX_pingme_154A,USD,19.7,3.94,,,0,2026-05-23,2026-05-23
20260206_JustFit_EN_9x16_FX-Slim_ZT-dancemachine_LVL1_typeface_LVL2_web2sale_RS-P2X2R3C1_LLX_pingme_157A,USD,1.31,1.31,,,0,2026-05-23,2026-05-23
20260511_JustFit_EN_9x16_FX-Slim_ZT-follow_LVL1_typeface_LVL2_web2sale_RS-P2X2R3C2_ZX_pingme_076A,USD,19.5,2.78571429,,,0,2026-05-23,2026-05-23
20260511_JustFit_EN_9x16_FX-Slim_ZT-follow_LVL1_typeface_LVL2_web2sale_RS-P2X2R3C2_ZX_pingme_086A,USD,3.8,1.9,,,0,2026-05-23,2026-05-23
20260511_JustFit_EN_9x16_FX-Slim_ZT-follow_LVL1_typeface_LVL2_web2sale_RS-P2X2R3C2_ZX_pingme_074A,USD,7.63,3.815,,,0,2026-05-23,2026-05-23
20260511_JustFit_EN_9x16_FX-Slim_ZT-follow_LVL1_typeface_LVL2_web2sale_RS-P2X2R3C2_ZX_pingme_080A,USD,18.83,1.25533333,,,0,2026-05-23,2026-05-23
20260511_JustFit_EN_9x16_FX-Slim_ZT-follow_LVL1_typeface_LVL2_web2sale_RS-P2X2R3C2_ZX_pingme_093A,USD,7.5,7.5,,,0,2026-05-23,2026-05-23
20260511_JustFit_EN_9x16_FX-Slim_ZT-follow_LVL1_typeface_LVL2_web2sale_RS-P2X2R3C2_ZX_pingme_075A,USD,4.59,1.53,,,0,2026-05-23,2026-05-23
20260511_JustFit_EN_9x16_FX-Slim_ZT-follow_LVL1_typeface_LVL2_web2sale_RS-P2X2R3C2_ZX_pingme_073A,USD,8.13,2.0325,,,0,2026-05-23,2026-05-23
20260511_JustFit_EN_9x16_FX-Slim_ZT-follow_LVL1_typeface_LVL2_web2sale_RS-P2X2R3C2_ZX_pingme_079A,USD,6.6,2.2,,,0,2026-05-23,2026-05-23
20260518_JustFit_EN_720x1280_FX-Plot_ZT-workout_LVL1_typeface_RS-P2X3R1C2_DHR_FL_13A,USD,16.13,16.13,,,0,2026-05-23,2026-05-23
20260518_JustFit_EN_720x1280_FX-Plot_ZT-workout_LVL1_typeface_RS-P2X3R1C2_DHR_FL_10A,USD,24.29,4.04833333,,,0,2026-05-23,2026-05-23
20260518_JustFit_EN_720x1280_FX-Ai_ZT-coach_LVL1_typeface_RS-P2X3R1C2_DHR_02A,USD,6.52,0,,,0,2026-05-23,2026-05-23
20260518_JustFit_EN_720x1280_FX-Plot_ZT-workout_LVL1_typeface_RS-P2X3R1C2_DHR_FL_09A,USD,15.33,7.665,,,0,2026-05-23,2026-05-23
20260518_JustFit_EN_720x1280_FX-Plot_ZT-workout_LVL1_typeface_RS-P2X3R1C2_DHR_FL_11A,USD,9.46,4.73,,,0,2026-05-23,2026-05-23
20260518_JustFit_EN_720x1280_FX-Plot_ZT-workout_LVL1_typeface_RS-P2X1R1C2_fl_WZC_02A,USD,6.08,1.52,,,0,2026-05-23,2026-05-23
20260514_JustFit_EN_9x16_FX-Slim_ZT-workout_LVL1-typeface_RS-P2X1R1C1_095KB-CN_RMG-4085V,USD,8.76,1.46,,,0,2026-05-23,2026-05-23
20260514_JustFit_EN_9x16_FX-Slim_ZT-workout_LVL1-typeface_RS-P2X1R1C1_095KB-CN_RMG-4085U,USD,3.69,3.69,,,0,2026-05-23,2026-05-23
20260514_JustFit_EN_9x16_FX-Slim_ZT-workout_LVL1-typeface_RS-P2X1R1C1_095KB-CN_RMG-4085W,USD,18.23,9.115,,,0,2026-05-23,2026-05-23
20260515_JustFit_EN_9x16_FX-Slim_ZT-workout_LVL1-typeface_RS-P2X1R1C1_095KB-FL-CN-DHR_RMG-4083I,USD,18.35,4.5875,,,0,2026-05-23,2026-05-23
20260515_JustFit_EN_9x16_FX-Slim_ZT-workout_LVL1-typeface_RS-P2X1R1C1_095KB-FL-CN-DHR_RMG-4083H,USD,1.15,0,,,0,2026-05-23,2026-05-23
20260515_JustFit_EN_9x16_FX-Slim_ZT-workout_LVL1-typeface_RS-P2X1R1C1_095KB-FL-CN-DHR_RMG-4083S,USD,10.78,2.695,,,0,2026-05-23,2026-05-23
20260515_JustFit_EN_9x16_FX-Slim_ZT-workout_LVL1-typeface_RS-P2X1R1C1_095KB-FL-CN-DHR_RMG-4083U,USD,9.79,9.79,,,0,2026-05-23,2026-05-23
20260515_JustFit_EN_9x16_FX-Slim_ZT-workout_LVL1-typeface_RS-P2X1R1C1_095KB-FL-CN-DHR_RMG-4083N,USD,2.36,1.18,,,0,2026-05-23,2026-05-23
20260515_JustFit_EN_9x16_FX-Slim_ZT-workout_LVL1-typeface_RS-P2X1R1C1_095KB-FL-CN-DHR_RMG-4083T,USD,22.07,2.45222222,,,0,2026-05-23,2026-05-23
20260515_JustFit_EN_9x16_FX-Slim_ZT-workout_LVL1-typeface_RS-P2X1R1C1_095KB-FL-CN-DHR_RMG-4083L,USD,4.1,4.1,,,0,2026-05-23,2026-05-23
20260515_JustFit_EN_9x16_FX-Slim_ZT-workout_LVL1-typeface_RS-P2X1R1C1_095KB-FL-CN-DHR_RMG-4083Q,USD,4.47,0,,,0,2026-05-23,2026-05-23
20260515_JustFit_EN_9x16_FX-Slim_ZT-workout_LVL1-typeface_RS-P2X1R1C1_095KB-FL-CN-DHR_RMG-4083J,USD,10.41,2.082,,,0,2026-05-23,2026-05-23
20260515_JustFit_EN_9x16_FX-Slim_ZT-workout_LVL1-typeface_RS-P2X1R1C1_095KB-FL-CN-DHR_RMG-4083K,USD,10.62,3.54,,,0,2026-05-23,2026-05-23
20260515_JustFit_EN_9x16_FX-Slim_ZT-workout_LVL1-typeface_RS-P2X1R1C1_095KB-FL-CN-DHR_RMG-4083M,USD,9.53,4.765,,,0,2026-05-23,2026-05-23
20260518_JustFit_EN_720x1280_FX-Plot_ZT-workout_LVL1_typeface_RS-P2X1R1C2_fl_dhr_WZC_08A,USD,4.62,0,,,0,2026-05-23,2026-05-23
20260518_JustFit_EN_720x1280_FX-Plot_ZT-workout_LVL1_typeface_RS-P2X1R1C2_fl_dhr_WZC_09A,USD,7.81,0,,,0,2026-05-23,2026-05-23
20260518_JustFit_EN_720x1280_FX-Plot_ZT-workout_LVL1_typeface_RS-P2X1R1C2_fl_dhr_WZC_07A,USD,43.07,4.78555556,,,0,2026-05-23,2026-05-23
20260518_JustFit_EN_720x1280_FX-Plot_ZT-workout_LVL1_typeface_RS-P2X1R1C2_fl_dhr_WZC_06A,USD,1.76,0,,,0,2026-05-23,2026-05-23
20260519_JustFit_EN_720x1280_FX-Plot_ZT-workout_LVL1_typeface_RS-P2X3R1C2_DHR_FL_09A,USD,0.57,0,,,0,2026-05-23,2026-05-23
20260519_JustFit_EN_720x1280_FX-Ai_ZT-workout_LVL1_typeface_RS-P2X3R1C2_DHR_22A,USD,12.3,2.46,,,0,2026-05-23,2026-05-23
20260519_JustFit_EN_720x1280_FX-Plot_ZT-workout_LVL1_typeface_RS-P2X3R1C2_DHR_FL_10A,USD,14.69,7.345,,,0,2026-05-23,2026-05-23
20260519_JustFit_EN_720x1280_FX-Plot_ZT-workout_LVL1_typeface_RS-P2X3R1C2_DHR_FL_14A,USD,17.91,1.4925,,,0,2026-05-23,2026-05-23
20260519_JustFit_EN_720x1280_FX-Plot_ZT-workout_LVL1_typeface_RS-P2X3R1C2_DHR_FL_13A,USD,4.38,4.38,,,0,2026-05-23,2026-05-23
20260519_JustFit_EN_720x1280_FX-Ai_ZT-workout_LVL1_typeface_RS-P2X3R1C2_DHR_20A,USD,0.47,0,,,0,2026-05-23,2026-05-23
20260519_JustFit_EN_720x1280_FX-Ai_ZT-workout_LVL1_typeface_RS-P2X3R1C2_DHR_21A,USD,6.95,1.39,,,0,2026-05-23,2026-05-23
20260519_JustFit_EN_720x1280_FX-Ai_ZT-workout_LVL1_typeface_RS-P2X3R1C2_DHR_19A,USD,0.52,0,,,0,2026-05-23,2026-05-23
"20260519_JustFit_EN_720x1280_FX-Ai_ZT-workout_LVL1_typeface_RS-P2X3R1C2_DHR_19A - Copy",USD,0.52,0.52,,,0,2026-05-23,2026-05-23
"20260519_JustFit_EN_720x1280_FX-Plot_ZT-workout_LVL1_typeface_RS-P2X3R1C2_DHR_FL_12A - Copy",USD,31.39,2.41461538,,,0,2026-05-23,2026-05-23
"20260519_JustFit_EN_720x1280_FX-Ai_ZT-workout_LVL1_typeface_RS-P2X3R1C2_DHR_21A - Copy",USD,16.67,1.11133333,,,0,2026-05-23,2026-05-23
"20260519_JustFit_EN_720x1280_FX-Ai_ZT-workout_LVL1_typeface_RS-P2X3R1C2_DHR_22A - Copy",USD,9.2,0.70769231,,,0,2026-05-23,2026-05-23
"20260519_JustFit_EN_720x1280_FX-Plot_ZT-workout_LVL1_typeface_RS-P2X3R1C2_DHR_FL_10A - Copy",USD,13.54,2.25666667,,,0,2026-05-23,2026-05-23
"20260519_JustFit_EN_720x1280_FX-Plot_ZT-workout_LVL1_typeface_RS-P2X3R1C2_DHR_FL_11A - Copy",USD,12.92,2.584,,,0,2026-05-23,2026-05-23
20251013_JustFit_EN_720x1280_FX-Plot_ZT-bedworkout_LVL1_typeface_RS-P2X1R1C1_DHR_FJ_03C,USD,3.58,3.58,,,0,2026-05-23,2026-05-23
20251016_JustFit_EN_9x16_FX-Slim_ZT-follow_LVL1_typeface_LVL2-pooch2_RS-P2X1R3C1_095KB-FL-JR,USD,6.34,3.17,,,0,2026-05-23,2026-05-23
20251126_JustFit_EN_720x1280_FX-Plot_ZT-homeworkout_LVL1_typeface_RS-P2X1R1C2_DHR_FL_07A,USD,21.46,4.292,,,0,2026-05-23,2026-05-23
20251117_JustFit_EN_9x16_FX-Slim_ZT-dancemachine_LVL1_typeface_LVL2_web2sale_LVL3_BGM_RS-P2X2R3C3_SYF_pingme_FL_45A,USD,4.55,1.1375,,,0,2026-05-23,2026-05-23
20251117_JustFit_EN_9x16_FX-Slim_ZT-dancemachine_LVL1_typeface_LVL2_web2sale_LVL3_Texture_RS-P2X2R3C3_LLX_pingme_FL_84A,USD,22.67,5.6675,,,0,2026-05-23,2026-05-23
20251203_JustFit_EN_9x16_FX-Slim_ZT-AImusic3-elizabeth-pro_LVL1-typeface_RS-P2X1R1C1_095KB-YD,USD,4.05,0,,,0,2026-05-23,2026-05-23
20251208_JustFit_EN_9x16_FX-Slim_ZT-allright_LVL1-typeface_RS-P2X1R1C1_095KB-JL,USD,16.6,3.32,,,0,2026-05-23,2026-05-23
20251201_JustFit_EN_9x16_FX-Slim_ZT-follow_LVL1_typeface_LVL2_web2sale_RS-P2X2R3C2_SZH_pingme_FL_50A,USD,11.93,2.9825,,,0,2026-05-23,2026-05-23
20251201_JustFit_EN_9x16_FX-Slim_ZT-dancemachine_LVL1_typeface_LVL2_web2sale_RS-P2X2R3C2_SYF_pingme_FL_37A,USD,2.77,0.92333333,,,0,2026-05-23,2026-05-23
20260104_JustFit_EN_9x16_FX-Slim_ZT-follow_LVL1_typeface_LVL2_web2sale_RS-P2X2R3C2_WYN_pingme_mia_43A,USD,8.2,2.05,,,0,2026-05-23,2026-05-23
20260104_JustFit_EN_9x16_FX-Slim_ZT-follow_LVL1_typeface_LVL2_web2sale_RS-P2X2R3C2_WYN_pingme_mia_41A,USD,1.45,0,,,0,2026-05-23,2026-05-23
20260120_JustFit_EN_720x1280_FX-Plot_ZT-workout_LVL1_typeface_RS-P2X1R1C2_FL_DHR_16A,USD,21.82,2.42444444,,,0,2026-05-23,2026-05-23
20260120_JustFit_EN_720x1280_FX-Plot_ZT-workout_LVL1_typeface_RS-P2X1R1C2_FL_DHR_18A,USD,18.09,2.58428571,,,0,2026-05-23,2026-05-23
20260123_JustFit_EN_9x16_FX-wellness_ZT-sisplot1_LVL1-typeface_RS-P2X1R1C1_095KB-FL-JL,USD,11.8,3.93333333,,,0,2026-05-23,2026-05-23
20260123_JustFit_EN_720x1280_FX-Plot_ZT-workout_LVL1_typeface_RS-P2X1R1C2_FL_DHR_01A,USD,1.54,0,,,0,2026-05-23,2026-05-23
20260518_JustFit_EN_720x1280_FX-Plot_ZT-workout_LVL1_typeface_RS-P2X1R1C2_fl_dhr_WZC_15A,USD,10.35,5.175,,,0,2026-05-23,2026-05-23
20260518_JustFit_EN_720x1280_FX-Plot_ZT-workout_LVL1_typeface_RS-P2X1R1C2_fl_WZC_11A,USD,2.78,1.39,,,0,2026-05-23,2026-05-23
20260518_JustFit_EN_720x1280_FX-Plot_ZT-workout_LVL1_typeface_RS-P2X1R1C2_fl_WZC_03A,USD,5.81,0.96833333,,,0,2026-05-23,2026-05-23
20260518_JustFit_EN_720x1280_FX-Plot_ZT-workout_LVL1_typeface_RS-P2X1R1C2_fl_WZC_04A,USD,4.63,1.54333333,,,0,2026-05-23,2026-05-23
20260518_JustFit_EN_720x1280_FX-Plot_ZT-workout_LVL1_typeface_RS-P2X1R1C2_fl_WZC_10A,USD,20.26,0.9647619,,,0,2026-05-23,2026-05-23
20260518_JustFit_EN_720x1280_FX-Plot_ZT-workout_LVL1_typeface_RS-P2X1R1C2_fl_WZC_01A,USD,12.21,4.07,,,0,2026-05-23,2026-05-23
20260521_JustFit_EN_720x1280_FX-Plot_ZT-workout_LVL1_typeface_RS-P2X1R1C2_WZC_08A,USD,0.54,0,,,0,2026-05-23,2026-05-23
20260521_JustFit_EN_720x1280_FX-Plot_ZT-workout_LVL1_typeface_RS-P2X1R1C2_dhr_WZC_09A,USD,1.58,0,,,0,2026-05-23,2026-05-23
20260521_JustFit_EN_720x1280_FX-Plot_ZT-workout_LVL1_typeface_RS-P2X1R1C2_WZC_07A,USD,6.19,3.095,,,0,2026-05-23,2026-05-23
20260521_JustFit_EN_720x1280_FX-Plot_ZT-workout_LVL1_typeface_RS-P2X1R1C2_WZC_13A,USD,17.6,1.95555556,,,0,2026-05-23,2026-05-23
20260521_JustFit_EN_720x1280_FX-Plot_ZT-workout_LVL1_typeface_RS-P2X1R1C2_WZC_06A,USD,6.74,1.348,,,0,2026-05-23,2026-05-23
"20260521_JustFit_EN_720x1280_FX-Plot_ZT-workout_LVL1_typeface_RS-P2X1R1C2_WZC_16A - Copy",USD,1.3,0,,,0,2026-05-23,2026-05-23
"20260518_JustFit_EN_720x1280_FX-Plot_ZT-workout_LVL1_typeface_RS-P2X1R1C2_fl_WZC_01A - Copy",USD,3.12,3.12,,,0,2026-05-23,2026-05-23
"20260518_JustFit_EN_720x1280_FX-Plot_ZT-workout_LVL1_typeface_RS-P2X1R1C2_fl_WZC_05A - Copy",USD,0.22,0,,,0,2026-05-23,2026-05-23
"20260521_JustFit_EN_720x1280_FX-Plot_ZT-workout_LVL1_typeface_RS-P2X1R1C2_dhr_WZC_09A - Copy",USD,0.21,0.21,,,0,2026-05-23,2026-05-23
"20260521_JustFit_EN_720x1280_FX-Plot_ZT-workout_LVL1_typeface_RS-P2X1R1C2_WZC_14A - Copy",USD,2.26,1.13,,,0,2026-05-23,2026-05-23
"20260521_JustFit_EN_720x1280_FX-Plot_ZT-workout_LVL1_typeface_RS-P2X1R1C2_WZC_08A - Copy",USD,0.88,0.88,,,0,2026-05-23,2026-05-23
20260515_JustFit_EN_9x16_FX-Slim_ZT-workout_LVL1-typeface_RS-P2X1R1C1_095KB-FL-CN-DHR_RMG-4083Y,USD,36.13,2.40866667,,,0,2026-05-23,2026-05-23
20260515_JustFit_EN_9x16_FX-Slim_ZT-workout_LVL1-typeface_RS-P2X1R1C1_095KB-FL-CN-DHR_RMG-4083S,USD,1.5,0,,,0,2026-05-23,2026-05-23
20260515_JustFit_EN_9x16_FX-Slim_ZT-workout_LVL1-typeface_RS-P2X1R1C1_095KB-FL-CN-DHR_RMG-4083O,USD,94.5,2.30487805,,,0,2026-05-23,2026-05-23
20260515_JustFit_EN_9x16_FX-Slim_ZT-workout_LVL1-typeface_RS-P2X1R1C1_095KB-FL-CN-DHR_RMG-4083U,USD,1.28,1.28,,,0,2026-05-23,2026-05-23
20260515_JustFit_EN_9x16_FX-Slim_ZT-workout_LVL1-typeface_RS-P2X1R1C1_095KB-FL-CN-DHR_RMG-4083N,USD,1.16,1.16,,,0,2026-05-23,2026-05-23
20260515_JustFit_EN_9x16_FX-Slim_ZT-workout_LVL1-typeface_RS-P2X1R1C1_095KB-FL-CN-DHR_RMG-4083R,USD,12.65,1.80714286,,,0,2026-05-23,2026-05-23
20260515_JustFit_EN_9x16_FX-Slim_ZT-workout_LVL1-typeface_RS-P2X1R1C1_095KB-FL-CN-DHR_RMG-4083P,USD,2.37,2.37,,,0,2026-05-23,2026-05-23
20260515_JustFit_EN_9x16_FX-Slim_ZT-workout_LVL1-typeface_RS-P2X1R1C1_095KB-FL-CN-DHR_RMG-4083L,USD,0.49,0,,,0,2026-05-23,2026-05-23
20260515_JustFit_EN_9x16_FX-Slim_ZT-workout_LVL1-typeface_RS-P2X1R1C1_095KB-FL-CN-DHR_RMG-4083Q,USD,0.27,0,,,0,2026-05-23,2026-05-23
20260515_JustFit_EN_9x16_FX-Slim_ZT-workout_LVL1-typeface_RS-P2X1R1C1_095KB-FL-CN-DHR_RMG-4083V,USD,17.18,3.436,,,0,2026-05-23,2026-05-23
20260515_JustFit_EN_9x16_FX-Slim_ZT-workout_LVL1-typeface_RS-P2X1R1C1_095KB-FL-CN-DHR_RMG-4083W,USD,18.88,1.45230769,,,0,2026-05-23,2026-05-23
20260515_JustFit_EN_9x16_FX-Slim_ZT-workout_LVL1-typeface_RS-P2X1R1C1_095KB-FL-CN-DHR_RMG-4083M,USD,1.22,0,,,0,2026-05-23,2026-05-23
20260515_JustFit_EN_720x1280_FX-Plot_ZT-beachworkout_LVL1_typeface_RS-P2X3R1C2_FL_DHR_12A,USD,0,0,,,0,2026-05-23,2026-05-23
"20260515_JustFit_EN_9x16_FX-Slim_ZT-workout_LVL1-typeface_RS-P2X1R1C1_095KB-FL-CN-DHR_RMG-4083U - Copy",USD,2.24,2.24,,,0,2026-05-23,2026-05-23
"20260515_JustFit_EN_9x16_FX-Slim_ZT-workout_LVL1-typeface_RS-P2X1R1C1_095KB-FL-CN-DHR_RMG-4083N - Copy",USD,0.4,0,,,0,2026-05-23,2026-05-23
"20260515_JustFit_EN_9x16_FX-Slim_ZT-workout_LVL1-typeface_RS-P2X1R1C1_095KB-FL-CN-DHR_RMG-4083O - Copy",USD,24.09,2.67666667,,,0,2026-05-23,2026-05-23
"20260515_JustFit_EN_9x16_FX-Slim_ZT-workout_LVL1-typeface_RS-P2X1R1C1_095KB-FL-CN-DHR_RMG-4083S - Copy",USD,1.05,0,,,0,2026-05-23,2026-05-23
"20260515_JustFit_EN_9x16_FX-Slim_ZT-workout_LVL1-typeface_RS-P2X1R1C1_095KB-FL-CN-DHR_RMG-4083Y - Copy",USD,28.34,2.57636364,,,0,2026-05-23,2026-05-23
"20260515_JustFit_EN_9x16_FX-Slim_ZT-workout_LVL1-typeface_RS-P2X1R1C1_095KB-FL-CN-DHR_RMG-4083X - Copy",USD,21.88,1.15157895,,,0,2026-05-23,2026-05-23
20260518_JustFit_EN_720x1280_FX-Plot_ZT-workout_LVL1_typeface_RS-P2X1R1C2_fl_dhr_WZC_15A,USD,19.08,2.12,,,0,2026-05-23,2026-05-23
20260518_JustFit_EN_720x1280_FX-Plot_ZT-workout_LVL1_typeface_RS-P2X1R1C2_fl_WZC_12A,USD,3.55,3.55,,,0,2026-05-23,2026-05-23
20260518_JustFit_EN_720x1280_FX-Plot_ZT-workout_LVL1_typeface_RS-P2X1R1C2_fl_WZC_13A,USD,8.34,4.17,,,0,2026-05-23,2026-05-23
20260518_JustFit_EN_720x1280_FX-Plot_ZT-workout_LVL1_typeface_RS-P2X1R1C2_fl_WZC_11A,USD,6.85,2.28333333,,,0,2026-05-23,2026-05-23
20260518_JustFit_EN_720x1280_FX-Plot_ZT-workout_LVL1_typeface_RS-P2X1R1C2_fl_WZC_03A,USD,4.66,4.66,,,0,2026-05-23,2026-05-23
20260518_JustFit_EN_720x1280_FX-Plot_ZT-workout_LVL1_typeface_RS-P2X1R1C2_fl_WZC_04A,USD,18.94,2.70571429,,,0,2026-05-23,2026-05-23
20260518_JustFit_EN_720x1280_FX-Plot_ZT-workout_LVL1_typeface_RS-P2X1R1C2_fl_WZC_10A,USD,20.18,1.68166667,,,0,2026-05-23,2026-05-23
20260518_JustFit_EN_720x1280_FX-Plot_ZT-workout_LVL1_typeface_RS-P2X1R1C2_fl_WZC_01A,USD,5.34,1.78,,,0,2026-05-23,2026-05-23
20260518_JustFit_EN_720x1280_FX-Plot_ZT-workout_LVL1_typeface_RS-P2X1R1C2_fl_WZC_05A,USD,5.22,0,,,0,2026-05-23,2026-05-23
20260519_JustFit_EN_720x1280_FX-Ai_ZT-workout_LVL1_typeface_RS-P2X3R1C2_DHR_22A,USD,22.51,1.18473684,,,0,2026-05-23,2026-05-23
20260519_JustFit_EN_720x1280_FX-Ai_ZT-workout_LVL1_typeface_RS-P2X3R1C2_DHR_19A,USD,5.89,5.89,,,0,2026-05-23,2026-05-23
20260520_JustFit_EN_720x1280_FX-Ai_ZT-Plot_LVL1_typeface_RS-P2X3R1C2_DHR_03A,USD,2.58,0,,,0,2026-05-23,2026-05-23
20260520_JustFit_EN_720x1280_FX-Ai_ZT-Plot_LVL1_typeface_RS-P2X3R1C2_DHR_06A,USD,1.1,1.1,,,0,2026-05-23,2026-05-23
20260521_JustFit_EN_720x1280_FX-Plot_ZT-workout_LVL1_typeface_RS-P2X1R1C2_WZC_07A,USD,21.07,2.63375,,,0,2026-05-23,2026-05-23
20260521_JustFit_EN_720x1280_FX-Plot_ZT-workout_LVL1_typeface_RS-P2X1R1C2_WZC_06A,USD,8.71,2.90333333,,,0,2026-05-23,2026-05-23
20260522_JustFit_EN_720x1280_FX-Plot_ZT-workout_LVL1_typeface_RS-P2X3R1C2_DHR_FL_02A,USD,8.65,2.88333333,,,0,2026-05-23,2026-05-23
20260522_JustFit_EN_720x1280_FX-Plot_ZT-workout_LVL1_typeface_RS-P2X3R1C2_DHR_FL_05A,USD,21.77,1.67461538,,,0,2026-05-23,2026-05-23
20260522_JustFit_EN_720x1280_FX-Ai_ZT-Plot_LVL1_typeface_RS-P2X3R1C2_DHR_01A,USD,0,0,,,0,2026-05-23,2026-05-23
20260522_JustFit_EN_720x1280_FX-Plot_ZT-workout_LVL1_typeface_RS-P2X3R1C2_DHR_FL_03A,USD,18.57,2.32125,,,0,2026-05-23,2026-05-23
20260522_JustFit_EN_720x1280_FX-Plot_ZT-workout_LVL1_typeface_RS-P2X3R1C2_DHR_FL_04A,USD,11.92,2.98,,,0,2026-05-23,2026-05-23
